,id_str,truncated,possibly_sensitive,contributors,favorite_count,user,retweet_count,created_at,geo,metadata,is_quote_status,coordinates,in_reply_to_status_id,in_reply_to_screen_name,source,place,retweeted_status,retweeted,extended_entities,favorited,in_reply_to_user_id_str,lang,in_reply_to_user_id,text,id,in_reply_to_status_id_str,entities
0,1325874425984638976,False,,,0,"{'id': 907990631624134656, 'id_str': '907990631624134656', 'name': 'Disney Channel Studios', 'screen_name': 'BRDISNEYCHANNE2', 'location': '', 'description': 'Feliz Natal!üéÑ', 'url': None, 'entities': {'description': {'urls': []}}, 'protected': False, 'followers_count': 359, 'friends_count': 793, 'listed_count': 1, 'created_at': 'Wed Sep 13 15:33:31 +0000 2017', 'favourites_count': 17451, 'utc_offset': None, 'time_zone': None, 'geo_enabled': True, 'verified': False, 'statuses_count': 2170, 'lang': None, 'contributors_enabled': False, 'is_translator': False, 'is_translation_enabled': False, 'profile_background_color': '000000', 'profile_background_image_url': 'http://abs.twimg.com/images/themes/theme1/bg.png', 'profile_background_image_url_https': 'https://abs.twimg.com/images/themes/theme1/bg.png', 'profile_background_tile': False, 'profile_image_url': 'http://pbs.twimg.com/profile_images/1324854792439635969/SMD5YqwD_normal.jpg', 'profile_image_url_https': 'https://pbs.twimg.com/profile_images/1324854792439635969/SMD5YqwD_normal.jpg', 'profile_banner_url': 'https://pbs.twimg.com/profile_banners/907990631624134656/1604704971', 'profile_link_color': 'FF691F', 'profile_sidebar_border_color': '000000', 'profile_sidebar_fill_color': '000000', 'profile_text_color': '000000', 'profile_use_background_image': False, 'has_extended_profile': False, 'default_profile': False, 'default_profile_image': False, 'following': False, 'follow_request_sent': False, 'notifications': False, 'translator_type': 'none'}",2,Mon Nov 09 18:54:31 +0000 2020,,"{'iso_language_code': 'pt', 'result_type': 'recent'}",False,,,,"<a href=""http://twitter.com/download/android"" rel=""nofollow"">Twitter for Android</a>",,"{'created_at': 'Mon Nov 09 17:23:35 +0000 2020', 'id': 1325851542113689603, 'id_str': '1325851542113689603', 'text': 'Confira o P√¥ster Oficial de ‚ÄòEscola de Bal√© Americano‚Äô uma s√©rie documental original, dispon√≠vel em 18 de Dezembro,‚Ä¶ https://t.co/nJyqVwp7wy', 'truncated': True, 'entities': {'hashtags': [], 'symbols': [], 'user_mentions': [], 'urls': [{'url': 'https://t.co/nJyqVwp7wy', 'expanded_url': 'https://twitter.com/i/web/status/1325851542113689603', 'display_url': 'twitter.com/i/web/status/1‚Ä¶', 'indices': [117, 140]}]}, 'metadata': {'iso_language_code': 'pt', 'result_type': 'recent'}, 'source': '<a href=""http://twitter.com/download/android"" rel=""nofollow"">Twitter for Android</a>', 'in_reply_to_status_id': None, 'in_reply_to_status_id_str': None, 'in_reply_to_user_id': None, 'in_reply_to_user_id_str': None, 'in_reply_to_screen_name': None, 'user': {'id': 1166209969361960960, 'id_str': '1166209969361960960', 'name': 'Disney GO', 'screen_name': 'disneygobr', 'location': 'Brasil', 'description': 'Sejam Bem-vindos ao #DisneyGO Brasil.                                                                         O Universo Disney em Apenas um Lugar! üåå', 'url': 'https://t.co/13NNh24CvT', 'entities': {'url': {'urls': [{'url': 'https://t.co/13NNh24CvT', 'expanded_url': 'https://linktr.ee/disneygobr', 'display_url': 'linktr.ee/disneygobr', 'indices': [0, 23]}]}, 'description': {'urls': []}}, 'protected': False, 'followers_count': 836, 'friends_count': 71, 'listed_count': 4, 'created_at': 'Tue Aug 27 04:45:10 +0000 2019', 'favourites_count': 4074, 'utc_offset': None, 'time_zone': None, 'geo_enabled': True, 'verified': False, 'statuses_count': 1005, 'lang': None, 'contributors_enabled': False, 'is_translator': False, 'is_translation_enabled': False, 'profile_background_color': 'F5F8FA', 'profile_background_image_url': None, 'profile_background_image_url_https': None, 'profile_background_tile': False, 'profile_image_url': 'http://pbs.twimg.com/profile_images/1322751616366379008/_vAtGHkU_normal.jpg', 'profile_image_url_https': 'https://pbs.twimg.com/profile_images/1322751616366379008/_vAtGHkU_normal.jpg', 'profile_banner_url': 'https://pbs.twimg.com/profile_banners/1166209969361960960/1604376407', 'profile_link_color': '1DA1F2', 'profile_sidebar_border_color': 'C0DEED', 'profile_sidebar_fill_color': 'DDEEF6', 'profile_text_color': '333333', 'profile_use_background_image': True, 'has_extended_profile': False, 'default_profile': True, 'default_profile_image': False, 'following': False, 'follow_request_sent': False, 'notifications': False, 'translator_type': 'none'}, 'geo': None, 'coordinates': None, 'place': None, 'contributors': None, 'is_quote_status': False, 'retweet_count': 2, 'favorite_count': 9, 'favorited': False, 'retweeted': False, 'possibly_sensitive': False, 'lang': 'pt'}",False,,False,,pt,,"RT @disneygobr: Confira o P√¥ster Oficial de ‚ÄòEscola de Bal√© Americano‚Äô uma s√©rie documental original, dispon√≠vel em 18 de Dezembro, s√≥ no #‚Ä¶",1325874425984638976,,"{'hashtags': [], 'symbols': [], 'user_mentions': [{'screen_name': 'disneygobr', 'name': 'Disney GO', 'id': 1166209969361960960, 'id_str': '1166209969361960960', 'indices': [3, 14]}], 'urls': []}"
1,1325873977731002368,False,,,0,"{'id': 456223737, 'id_str': '456223737', 'name': 'felipe', 'screen_name': 'Schaiderzin', 'location': 'Guarapari, Brasil', 'description': 'Jogador de Call of Duty ||| 021 027 ||| nd aqui deve ser levado a s√©rio', 'url': 'https://t.co/4UG7jHClCD', 'entities': {'url': {'urls': [{'url': 'https://t.co/4UG7jHClCD', 'expanded_url': 'https://twitch.tv/jorgeschaider', 'display_url': 'twitch.tv/jorgeschaider', 'indices': [0, 23]}]}, 'description': {'urls': []}}, 'protected': False, 'followers_count': 1386, 'friends_count': 868, 'listed_count': 5, 'created_at': 'Fri Jan 06 00:55:17 +0000 2012', 'favourites_count': 63183, 'utc_offset': None, 'time_zone': None, 'geo_enabled': True, 'verified': False, 'statuses_count': 185886, 'lang': None, 'contributors_enabled': False, 'is_translator': False, 'is_translation_enabled': False, 'profile_background_color': '050405', 'profile_background_image_url': 'http://abs.twimg.com/images/themes/theme6/bg.gif', 'profile_background_image_url_https': 'https://abs.twimg.com/images/themes/theme6/bg.gif', 'profile_background_tile': True, 'profile_image_url': 'http://pbs.twimg.com/profile_images/1297635174088429569/0v1CZtGX_normal.jpg', 'profile_image_url_https': 'https://pbs.twimg.com/profile_images/1297635174088429569/0v1CZtGX_normal.jpg', 'profile_banner_url': 'https://pbs.twimg.com/profile_banners/456223737/1591932405', 'profile_link_color': '981CEB', 'profile_sidebar_border_color': '000000', 'profile_sidebar_fill_color': '5E412F', 'profile_text_color': 'F0A830', 'profile_use_background_image': True, 'has_extended_profile': True, 'default_profile': False, 'default_profile_image': False, 'following': False, 'follow_request_sent': False, 'notifications': False, 'translator_type': 'regular'}",0,Mon Nov 09 18:52:44 +0000 2020,,"{'iso_language_code': 'pt', 'result_type': 'recent'}",False,,1.3258496107372093e+18,XboxGamePass,"<a href=""http://twitter.com/download/iphone"" rel=""nofollow"">Twitter for iPhone</a>",,,False,,False,956692683661107201,pt,9.566926836611072e+17,@XboxGamePass @disneyplus QUE ISSO,1325873977731002368,1325849610737209344,"{'hashtags': [], 'symbols': [], 'user_mentions': [{'screen_name': 'XboxGamePass', 'name': 'Xbox Game Pass', 'id': 956692683661107201, 'id_str': '956692683661107201', 'indices': [0, 13]}, {'screen_name': 'disneyplus', 'name': 'Disney+', 'id': 985916593065476096, 'id_str': '985916593065476096', 'indices': [14, 25]}], 'urls': []}"
2,1325870835144536064,False,False,,0,"{'id': 738566535539724288, 'id_str': '738566535539724288', 'name': 'L√≠llian Nikole', 'screen_name': 'Thairym_', 'location': 'Rio Grande do Norte, Brasil', 'description': '20 aninhos nas costa/\nUFERSA/\nRN /\nStreamer nas horas vagas\nhttps://t.co/ZVpcE0SESk\nFoco em desabafos e falar sobre coisas aleat√≥rias da vida.', 'url': None, 'entities': {'description': {'urls': [{'url': 'https://t.co/ZVpcE0SESk', 'expanded_url': 'http://Twitch.tv/Thairym', 'display_url': 'Twitch.tv/Thairym', 'indices': [60, 83]}]}}, 'protected': False, 'followers_count': 133, 'friends_count': 447, 'listed_count': 1, 'created_at': 'Fri Jun 03 03:02:38 +0000 2016', 'favourites_count': 1659, 'utc_offset': None, 'time_zone': None, 'geo_enabled': True, 'verified': False, 'statuses_count': 2006, 'lang': None, 'contributors_enabled': False, 'is_translator': False, 'is_translation_enabled': False, 'profile_background_color': 'F5F8FA', 'profile_background_image_url': None, 'profile_background_image_url_https': None, 'profile_background_tile': False, 'profile_image_url': 'http://pbs.twimg.com/profile_images/1286353773942767621/gkkh-eRm_normal.jpg', 'profile_image_url_https': 'https://pbs.twimg.com/profile_images/1286353773942767621/gkkh-eRm_normal.jpg', 'profile_banner_url': 'https://pbs.twimg.com/profile_banners/738566535539724288/1600667359', 'profile_link_color': '1DA1F2', 'profile_sidebar_border_color': 'C0DEED', 'profile_sidebar_fill_color': 'DDEEF6', 'profile_text_color': '333333', 'profile_use_background_image': True, 'has_extended_profile': True, 'default_profile': True, 'default_profile_image': False, 'following': False, 'follow_request_sent': False, 'notifications': False, 'translator_type': 'none'}",0,Mon Nov 09 18:40:15 +0000 2020,,"{'iso_language_code': 'pt', 'result_type': 'recent'}",False,,1.3258695202092728e+18,nikimbs,"<a href=""http://twitter.com/download/android"" rel=""nofollow"">Twitter for Android</a>",,,False,,False,1159626753737986049,pt,1.159626753737986e+18,"@nikimbs S√≥ o que vai derrubar a Netflix
https://t.co/IuUulz8uvZ",1325870835144536064,1325869520209272833,"{'hashtags': [], 'symbols': [], 'user_mentions': [{'screen_name': 'nikimbs', 'name': 'anne with an E', 'id': 1159626753737986049, 'id_str': '1159626753737986049', 'indices': [0, 8]}], 'urls': [{'url': 'https://t.co/IuUulz8uvZ', 'expanded_url': 'https://preview.disneyplus.com/br/?cid=DSS-Search-Google-71700000074165686-&s_kwcid=AL!8468!3!472894046365!e!!g!!disney&gclid=Cj0KCQiA7qP9BRCLARIsABDaZzh46klf7wCqh2B_CQ2jn70WpA5v_OmQae0DtBinCV7UcxtstMBaeGcaAvWBEALw_wcB', 'display_url': 'preview.disneyplus.com/br/?cid=DSS-Se‚Ä¶', 'indices': [41, 64]}]}"
3,1325870470848262145,False,False,,0,"{'id': 3090574502, 'id_str': '3090574502', 'name': 'Gxbriel‚Å∑‡ºâ üñ§', 'screen_name': 'blxckpxnthers', 'location': 'Wakanda', 'description': '‚ãó‡£ß‡£ßùì≤ùìΩ ùì≤ùìº ùì±ùì™ùìªùì≠ ùìØùì∏ùìª ùì™ ùì∞ùì∏ùì∏ùì≠ ùì∂ùì™ùì∑ ùìΩùì∏ ùì´ùìÆ ùì¥ùì≤ùì∑ùì∞', 'url': None, 'entities': {'description': {'urls': []}}, 'protected': False, 'followers_count': 328, 'friends_count': 487, 'listed_count': 1, 'created_at': 'Mon Mar 16 18:38:02 +0000 2015', 'favourites_count': 3420, 'utc_offset': None, 'time_zone': None, 'geo_enabled': False, 'verified': False, 'statuses_count': 2416, 'lang': None, 'contributors_enabled': False, 'is_translator': False, 'is_translation_enabled': False, 'profile_background_color': 'C0DEED', 'profile_background_image_url': 'http://abs.twimg.com/images/themes/theme1/bg.png', 'profile_background_image_url_https': 'https://abs.twimg.com/images/themes/theme1/bg.png', 'profile_background_tile': False, 'profile_image_url': 'http://pbs.twimg.com/profile_images/1301637566047891457/pg9l2cEq_normal.jpg', 'profile_image_url_https': 'https://pbs.twimg.com/profile_images/1301637566047891457/pg9l2cEq_normal.jpg', 'profile_banner_url': 'https://pbs.twimg.com/profile_banners/3090574502/1600441889', 'profile_link_color': '1DA1F2', 'profile_sidebar_border_color': 'C0DEED', 'profile_sidebar_fill_color': 'DDEEF6', 'profile_text_color': '333333', 'profile_use_background_image': True, 'has_extended_profile': True, 'default_profile': True, 'default_profile_image': False, 'following': False, 'follow_request_sent': False, 'notifications': False, 'translator_type': 'none'}",0,Mon Nov 09 18:38:48 +0000 2020,,"{'iso_language_code': 'pt', 'result_type': 'recent'}",False,,,,"<a href=""http://twitter.com/download/android"" rel=""nofollow"">Twitter for Android</a>",,,False,"{'media': [{'id': 1325870467471826945, 'id_str': '1325870467471826945', 'indices': [40, 63], 'media_url': 'http://pbs.twimg.com/media/EmZwKlfW4AEFfdm.jpg', 'media_url_https': 'https://pbs.twimg.com/media/EmZwKlfW4AEFfdm.jpg', 'url': 'https://t.co/sCUFuvGq6R', 'display_url': 'pic.twitter.com/sCUFuvGq6R', 'expanded_url': 'https://twitter.com/blxckpxnthers/status/1325870470848262145/photo/1', 'type': 'photo', 'sizes': {'small': {'w': 680, 'h': 482, 'resize': 'fit'}, 'thumb': {'w': 150, 'h': 150, 'resize': 'crop'}, 'large': {'w': 720, 'h': 510, 'resize': 'fit'}, 'medium': {'w': 720, 'h': 510, 'resize': 'fit'}}}]}",False,,pt,,"Ou seja... me sinto um lixo
#DisneyPlus https://t.co/sCUFuvGq6R",1325870470848262145,,"{'hashtags': [{'text': 'DisneyPlus', 'indices': [28, 39]}], 'symbols': [], 'user_mentions': [], 'urls': [], 'media': [{'id': 1325870467471826945, 'id_str': '1325870467471826945', 'indices': [40, 63], 'media_url': 'http://pbs.twimg.com/media/EmZwKlfW4AEFfdm.jpg', 'media_url_https': 'https://pbs.twimg.com/media/EmZwKlfW4AEFfdm.jpg', 'url': 'https://t.co/sCUFuvGq6R', 'display_url': 'pic.twitter.com/sCUFuvGq6R', 'expanded_url': 'https://twitter.com/blxckpxnthers/status/1325870470848262145/photo/1', 'type': 'photo', 'sizes': {'small': {'w': 680, 'h': 482, 'resize': 'fit'}, 'thumb': {'w': 150, 'h': 150, 'resize': 'crop'}, 'large': {'w': 720, 'h': 510, 'resize': 'fit'}, 'medium': {'w': 720, 'h': 510, 'resize': 'fit'}}}]}"
4,1325870264383627265,False,,,1,"{'id': 1194400597409185793, 'id_str': '1194400597409185793', 'name': 'carneiro', 'screen_name': 'guicarneiro', 'location': 'desgra√ßado da corrente', 'description': 'bom dia', 'url': 'https://t.co/2bf52eSkrC', 'entities': {'url': {'urls': [{'url': 'https://t.co/2bf52eSkrC', 'expanded_url': 'http://instagram.com/guilhermecarneiro2003/', 'display_url': 'instagram.com/guilhermecarne‚Ä¶', 'indices': [0, 23]}]}, 'description': {'urls': []}}, 'protected': False, 'followers_count': 96, 'friends_count': 152, 'listed_count': 0, 'created_at': 'Tue Nov 12 23:44:44 +0000 2019', 'favourites_count': 5562, 'utc_offset': None, 'time_zone': None, 'geo_enabled': False, 'verified': False, 'statuses_count': 1646, 'lang': None, 'contributors_enabled': False, 'is_translator': False, 'is_translation_enabled': False, 'profile_background_color': 'F5F8FA', 'profile_background_image_url': None, 'profile_background_image_url_https': None, 'profile_background_tile': False, 'profile_image_url': 'http://pbs.twimg.com/profile_images/1325129591669854209/dNWelGT7_normal.jpg', 'profile_image_url_https': 'https://pbs.twimg.com/profile_images/1325129591669854209/dNWelGT7_normal.jpg', 'profile_banner_url': 'https://pbs.twimg.com/profile_banners/1194400597409185793/1604770541', 'profile_link_color': '1DA1F2', 'profile_sidebar_border_color': 'C0DEED', 'profile_sidebar_fill_color': 'DDEEF6', 'profile_text_color': '333333', 'profile_use_background_image': True, 'has_extended_profile': False, 'default_profile': True, 'default_profile_image': False, 'following': False, 'follow_request_sent': False, 'notifications': False, 'translator_type': 'none'}",0,Mon Nov 09 18:37:59 +0000 2020,,"{'iso_language_code': 'pt', 'result_type': 'recent'}",False,,1.3258496107372093e+18,XboxGamePass,"<a href=""http://twitter.com/download/android"" rel=""nofollow"">Twitter for Android</a>",,,False,,False,956692683661107201,pt,9.566926836611072e+17,@XboxGamePass @disneyplus @_Alv3ss nem fudeno,1325870264383627265,1325849610737209344,"{'hashtags': [], 'symbols': [], 'user_mentions': [{'screen_name': 'XboxGamePass', 'name': 'Xbox Game Pass', 'id': 956692683661107201, 'id_str': '956692683661107201', 'indices': [0, 13]}, {'screen_name': 'disneyplus', 'name': 'Disney+', 'id': 985916593065476096, 'id_str': '985916593065476096', 'indices': [14, 25]}, {'screen_name': '_Alv3ss', 'name': 'Bƒìni', 'id': 1147132785695645697, 'id_str': '1147132785695645697', 'indices': [26, 34]}], 'urls': []}"
5,1325869880294436868,False,,,0,"{'id': 988580613648248832, 'id_str': '988580613648248832', 'name': 'JoƒÅo Pedro Ferreira', 'screen_name': 'Joaopedrofl15', 'location': 'Minas Gerais, Brasil', 'description': 'novo tt que veio pra ficar, me sigam no instagram joao.pedrofl para ver minhas cole√ß√µes l√° no IGTV!!', 'url': None, 'entities': {'description': {'urls': []}}, 'protected': False, 'followers_count': 32, 'friends_count': 101, 'listed_count': 0, 'created_at': 'Tue Apr 24 00:49:20 +0000 2018', 'favourites_count': 493, 'utc_offset': None, 'time_zone': None, 'geo_enabled': False, 'verified': False, 'statuses_count': 457, 'lang': None, 'contributors_enabled': False, 'is_translator': False, 'is_translation_enabled': False, 'profile_background_color': 'F5F8FA', 'profile_background_image_url': None, 'profile_background_image_url_https': None, 'profile_background_tile': False, 'profile_image_url': 'http://pbs.twimg.com/profile_images/1295533884772364289/mmWUdqG1_normal.jpg', 'profile_image_url_https': 'https://pbs.twimg.com/profile_images/1295533884772364289/mmWUdqG1_normal.jpg', 'profile_banner_url': 'https://pbs.twimg.com/profile_banners/988580613648248832/1601476501', 'profile_link_color': '1DA1F2', 'profile_sidebar_border_color': 'C0DEED', 'profile_sidebar_fill_color': 'DDEEF6', 'profile_text_color': '333333', 'profile_use_background_image': True, 'has_extended_profile': False, 'default_profile': True, 'default_profile_image': False, 'following': False, 'follow_request_sent': False, 'notifications': False, 'translator_type': 'none'}",1,Mon Nov 09 18:36:27 +0000 2020,,"{'iso_language_code': 'pt', 'result_type': 'recent'}",False,,,,"<a href=""http://twitter.com/download/android"" rel=""nofollow"">Twitter for Android</a>",,"{'created_at': 'Mon Nov 09 18:36:01 +0000 2020', 'id': 1325869769116049409, 'id_str': '1325869769116049409', 'text': 'F√ÉS DA MARVEL DE PLANT√ÉO!!‚ö†Ô∏è\nO produtor Dylan Klump de #WandaVision  confirmou que a s√©rie j√° est√° 100% gravada e p‚Ä¶ https://t.co/cgfoPNevEv', 'truncated': True, 'entities': {'hashtags': [{'text': 'WandaVision', 'indices': [55, 67]}], 'symbols': [], 'user_mentions': [], 'urls': [{'url': 'https://t.co/cgfoPNevEv', 'expanded_url': 'https://twitter.com/i/web/status/1325869769116049409', 'display_url': 'twitter.com/i/web/status/1‚Ä¶', 'indices': [117, 140]}]}, 'metadata': {'iso_language_code': 'pt', 'result_type': 'recent'}, 'source': '<a href=""http://twitter.com/download/android"" rel=""nofollow"">Twitter for Android</a>', 'in_reply_to_status_id': None, 'in_reply_to_status_id_str': None, 'in_reply_to_user_id': None, 'in_reply_to_user_id_str': None, 'in_reply_to_screen_name': None, 'user': {'id': 1239274121730633729, 'id_str': '1239274121730633729', 'name': 'GA AO QUADRADO', 'screen_name': 'gaaoquadrado', 'location': '', 'description': 'Canal no YouTube sobre Cultura Pop, com v√≠deo novo toda a semana, vai l√° dar o play ‚ñ∂Ô∏è https://t.co/Ghim1iJ65w !', 'url': 'https://t.co/lPWRa8EthE', 'entities': {'url': {'urls': [{'url': 'https://t.co/lPWRa8EthE', 'expanded_url': 'https://instagram.com/gaaoquadrado?igshid=btyfdx1nntwr', 'display_url': 'instagram.com/gaaoquadrado?i‚Ä¶', 'indices': [0, 23]}]}, 'description': {'urls': [{'url': 'https://t.co/Ghim1iJ65w', 'expanded_url': 'http://youTube.com/gaaoquadrado', 'display_url': 'youTube.com/gaaoquadrado', 'indices': [87, 110]}]}}, 'protected': False, 'followers_count': 170, 'friends_count': 33, 'listed_count': 0, 'created_at': 'Sun Mar 15 19:36:29 +0000 2020', 'favourites_count': 2165, 'utc_offset': None, 'time_zone': None, 'geo_enabled': False, 'verified': False, 'statuses_count': 464, 'lang': None, 'contributors_enabled': False, 'is_translator': False, 'is_translation_enabled': False, 'profile_background_color': 'F5F8FA', 'profile_background_image_url': None, 'profile_background_image_url_https': None, 'profile_background_tile': False, 'profile_image_url': 'http://pbs.twimg.com/profile_images/1297185130214297600/YopWWmbV_normal.jpg', 'profile_image_url_https': 'https://pbs.twimg.com/profile_images/1297185130214297600/YopWWmbV_normal.jpg', 'profile_banner_url': 'https://pbs.twimg.com/profile_banners/1239274121730633729/1598052512', 'profile_link_color': '1DA1F2', 'profile_sidebar_border_color': 'C0DEED', 'profile_sidebar_fill_color': 'DDEEF6', 'profile_text_color': '333333', 'profile_use_background_image': True, 'has_extended_profile': False, 'default_profile': True, 'default_profile_image': False, 'following': False, 'follow_request_sent': False, 'notifications': False, 'translator_type': 'none'}, 'geo': None, 'coordinates': None, 'place': None, 'contributors': None, 'is_quote_status': False, 'retweet_count': 1, 'favorite_count': 4, 'favorited': False, 'retweeted': False, 'possibly_sensitive': False, 'lang': 'pt'}",False,,False,,pt,,"RT @gaaoquadrado: F√ÉS DA MARVEL DE PLANT√ÉO!!‚ö†Ô∏è
O produtor Dylan Klump de #WandaVision  confirmou que a s√©rie j√° est√° 100% gravada e pronta‚Ä¶",1325869880294436868,,"{'hashtags': [{'text': 'WandaVision', 'indices': [73, 85]}], 'symbols': [], 'user_mentions': [{'screen_name': 'gaaoquadrado', 'name': 'GA AO QUADRADO', 'id': 1239274121730633729, 'id_str': '1239274121730633729', 'indices': [3, 16]}], 'urls': []}"
6,1325869769116049409,True,False,,4,"{'id': 1239274121730633729, 'id_str': '1239274121730633729', 'name': 'GA AO QUADRADO', 'screen_name': 'gaaoquadrado', 'location': '', 'description': 'Canal no YouTube sobre Cultura Pop, com v√≠deo novo toda a semana, vai l√° dar o play ‚ñ∂Ô∏è https://t.co/Ghim1iJ65w !', 'url': 'https://t.co/lPWRa8EthE', 'entities': {'url': {'urls': [{'url': 'https://t.co/lPWRa8EthE', 'expanded_url': 'https://instagram.com/gaaoquadrado?igshid=btyfdx1nntwr', 'display_url': 'instagram.com/gaaoquadrado?i‚Ä¶', 'indices': [0, 23]}]}, 'description': {'urls': [{'url': 'https://t.co/Ghim1iJ65w', 'expanded_url': 'http://youTube.com/gaaoquadrado', 'display_url': 'youTube.com/gaaoquadrado', 'indices': [87, 110]}]}}, 'protected': False, 'followers_count': 170, 'friends_count': 33, 'listed_count': 0, 'created_at': 'Sun Mar 15 19:36:29 +0000 2020', 'favourites_count': 2165, 'utc_offset': None, 'time_zone': None, 'geo_enabled': False, 'verified': False, 'statuses_count': 464, 'lang': None, 'contributors_enabled': False, 'is_translator': False, 'is_translation_enabled': False, 'profile_background_color': 'F5F8FA', 'profile_background_image_url': None, 'profile_background_image_url_https': None, 'profile_background_tile': False, 'profile_image_url': 'http://pbs.twimg.com/profile_images/1297185130214297600/YopWWmbV_normal.jpg', 'profile_image_url_https': 'https://pbs.twimg.com/profile_images/1297185130214297600/YopWWmbV_normal.jpg', 'profile_banner_url': 'https://pbs.twimg.com/profile_banners/1239274121730633729/1598052512', 'profile_link_color': '1DA1F2', 'profile_sidebar_border_color': 'C0DEED', 'profile_sidebar_fill_color': 'DDEEF6', 'profile_text_color': '333333', 'profile_use_background_image': True, 'has_extended_profile': False, 'default_profile': True, 'default_profile_image': False, 'following': False, 'follow_request_sent': False, 'notifications': False, 'translator_type': 'none'}",1,Mon Nov 09 18:36:01 +0000 2020,,"{'iso_language_code': 'pt', 'result_type': 'recent'}",False,,,,"<a href=""http://twitter.com/download/android"" rel=""nofollow"">Twitter for Android</a>",,,False,,False,,pt,,"F√ÉS DA MARVEL DE PLANT√ÉO!!‚ö†Ô∏è
O produtor Dylan Klump de #WandaVision  confirmou que a s√©rie j√° est√° 100% gravada e p‚Ä¶ https://t.co/cgfoPNevEv",1325869769116049409,,"{'hashtags': [{'text': 'WandaVision', 'indices': [55, 67]}], 'symbols': [], 'user_mentions': [], 'urls': [{'url': 'https://t.co/cgfoPNevEv', 'expanded_url': 'https://twitter.com/i/web/status/1325869769116049409', 'display_url': 'twitter.com/i/web/status/1‚Ä¶', 'indices': [117, 140]}]}"
7,1325869245129953280,False,,,0,"{'id': 52608595, 'id_str': '52608595', 'name': 'tet√™', 'screen_name': 'manotr00', 'location': '', 'description': 'metal | games | brega | v√°rias merda\n(e umas safadagi pra quem quiser)\n*FAVOR N√ÉO LEVAR T√ÉO A S√âRIO*', 'url': None, 'entities': {'description': {'urls': []}}, 'protected': False, 'followers_count': 100, 'friends_count': 406, 'listed_count': 3, 'created_at': 'Wed Jul 01 02:43:10 +0000 2009', 'favourites_count': 32634, 'utc_offset': None, 'time_zone': None, 'geo_enabled': False, 'verified': False, 'statuses_count': 90552, 'lang': None, 'contributors_enabled': False, 'is_translator': False, 'is_translation_enabled': False, 'profile_background_color': '000000', 'profile_background_image_url': 'http://abs.twimg.com/images/themes/theme9/bg.gif', 'profile_background_image_url_https': 'https://abs.twimg.com/images/themes/theme9/bg.gif', 'profile_background_tile': False, 'profile_image_url': 'http://pbs.twimg.com/profile_images/1250917060860919811/E-FN2uUr_normal.jpg', 'profile_image_url_https': 'https://pbs.twimg.com/profile_images/1250917060860919811/E-FN2uUr_normal.jpg', 'profile_banner_url': 'https://pbs.twimg.com/profile_banners/52608595/1543723861', 'profile_link_color': '000000', 'profile_sidebar_border_color': '000000', 'profile_sidebar_fill_color': '000000', 'profile_text_color': '666666', 'profile_use_background_image': True, 'has_extended_profile': True, 'default_profile': False, 'default_profile_image': False, 'following': False, 'follow_request_sent': False, 'notifications': False, 'translator_type': 'regular'}",0,Mon Nov 09 18:33:56 +0000 2020,,"{'iso_language_code': 'pt', 'result_type': 'recent'}",False,,1.3258509191420928e+18,xbox_pt,"<a href=""https://about.twitter.com/products/tweetdeck"" rel=""nofollow"">TweetDeck</a>",,,False,,False,1245266633356173312,pt,1.2452666333561733e+18,@xbox_pt @disneyplus @PauloRSDourado a√≠ qual era o segredo!!!,1325869245129953280,1325850919142092801,"{'hashtags': [], 'symbols': [], 'user_mentions': [{'screen_name': 'xbox_pt', 'name': 'Xbox Portugal', 'id': 1245266633356173312, 'id_str': '1245266633356173312', 'indices': [0, 8]}, {'screen_name': 'disneyplus', 'name': 'Disney+', 'id': 985916593065476096, 'id_str': '985916593065476096', 'indices': [9, 20]}, {'screen_name': 'PauloRSDourado', 'name': 'Paulete', 'id': 45977006, 'id_str': '45977006', 'indices': [21, 36]}], 'urls': []}"
8,1325868346445869058,False,,,0,"{'id': 1142073685681090560, 'id_str': '1142073685681090560', 'name': 'ariel ‚Ä¢ üìñ: pjo¬π', 'screen_name': 'sIeepwithsirens', 'location': 'ISFP ‚Ä¢ 16y/o ‚Ä¢ ravenclaw', 'description': ""#BDAVIS: you're not just a survivor, you're a warrior ‚Ä¢ qualquer pronome/any pronouns ‚Äî @sithetfield & @SETFlRETOTERAIN"", 'url': None, 'entities': {'description': {'urls': []}}, 'protected': False, 'followers_count': 1053, 'friends_count': 2864, 'listed_count': 9, 'created_at': 'Fri Jun 21 14:16:00 +0000 2019', 'favourites_count': 18491, 'utc_offset': None, 'time_zone': None, 'geo_enabled': False, 'verified': False, 'statuses_count': 9648, 'lang': None, 'contributors_enabled': False, 'is_translator': False, 'is_translation_enabled': False, 'profile_background_color': '000000', 'profile_background_image_url': 'http://abs.twimg.com/images/themes/theme1/bg.png', 'profile_background_image_url_https': 'https://abs.twimg.com/images/themes/theme1/bg.png', 'profile_background_tile': False, 'profile_image_url': 'http://pbs.twimg.com/profile_images/1325547310583959552/Hx9MAVlo_normal.png', 'profile_image_url_https': 'https://pbs.twimg.com/profile_images/1325547310583959552/Hx9MAVlo_normal.png', 'profile_banner_url': 'https://pbs.twimg.com/profile_banners/1142073685681090560/1603650469', 'profile_link_color': '19CF86', 'profile_sidebar_border_color': '000000', 'profile_sidebar_fill_color': '000000', 'profile_text_color': '000000', 'profile_use_background_image': False, 'has_extended_profile': True, 'default_profile': False, 'default_profile_image': False, 'following': False, 'follow_request_sent': False, 'notifications': False, 'translator_type': 'none'}",0,Mon Nov 09 18:30:21 +0000 2020,,"{'iso_language_code': 'pt', 'result_type': 'recent'}",False,,1.3258681677727252e+18,chloyeprice,"<a href=""https://mobile.twitter.com"" rel=""nofollow"">Twitter Web App</a>",,,False,,False,1142226293670469632,pt,1.1422262936704696e+18,@chloyeprice @XboxGamePass @disneyplus s√≥ se colocarem aqui a partir do dia 17,1325868346445869058,1325868167772725248,"{'hashtags': [], 'symbols': [], 'user_mentions': [{'screen_name': 'chloyeprice', 'name': 'gabi', 'id': 1142226293670469632, 'id_str': '1142226293670469632', 'indices': [0, 12]}, {'screen_name': 'XboxGamePass', 'name': 'Xbox Game Pass', 'id': 956692683661107201, 'id_str': '956692683661107201', 'indices': [13, 26]}, {'screen_name': 'disneyplus', 'name': 'Disney+', 'id': 985916593065476096, 'id_str': '985916593065476096', 'indices': [27, 38]}], 'urls': []}"
9,1325868167772725248,False,,,0,"{'id': 1142226293670469632, 'id_str': '1142226293670469632', 'name': 'gabi', 'screen_name': 'chloyeprice', 'location': 'ü•Ä', 'description': 'sim Ori mudou minha vida', 'url': None, 'entities': {'description': {'urls': []}}, 'protected': False, 'followers_count': 286, 'friends_count': 232, 'listed_count': 5, 'created_at': 'Sat Jun 22 00:22:24 +0000 2019', 'favourites_count': 9381, 'utc_offset': None, 'time_zone': None, 'geo_enabled': False, 'verified': False, 'statuses_count': 3404, 'lang': None, 'contributors_enabled': False, 'is_translator': False, 'is_translation_enabled': False, 'profile_background_color': '000000', 'profile_background_image_url': 'http://abs.twimg.com/images/themes/theme1/bg.png', 'profile_background_image_url_https': 'https://abs.twimg.com/images/themes/theme1/bg.png', 'profile_background_tile': False, 'profile_image_url': 'http://pbs.twimg.com/profile_images/1324952425866924038/-fnKD4Nh_normal.jpg', 'profile_image_url_https': 'https://pbs.twimg.com/profile_images/1324952425866924038/-fnKD4Nh_normal.jpg', 'profile_banner_url': 'https://pbs.twimg.com/profile_banners/1142226293670469632/1604728120', 'profile_link_color': '1B95E0', 'profile_sidebar_border_color': '000000', 'profile_sidebar_fill_color': '000000', 'profile_text_color': '000000', 'profile_use_background_image': False, 'has_extended_profile': True, 'default_profile': False, 'default_profile_image': False, 'following': False, 'follow_request_sent': False, 'notifications': False, 'translator_type': 'none'}",0,Mon Nov 09 18:29:39 +0000 2020,,"{'iso_language_code': 'pt', 'result_type': 'recent'}",False,,1.325850776758055e+18,sIeepwithsirens,"<a href=""http://twitter.com/download/android"" rel=""nofollow"">Twitter for Android</a>",,,False,,False,1142073685681090560,pt,1.1420736856810906e+18,@sIeepwithsirens @XboxGamePass @disneyplus s√©rio?,1325868167772725248,1325850776758054912,"{'hashtags': [], 'symbols': [], 'user_mentions': [{'screen_name': 'sIeepwithsirens', 'name': 'ariel ‚Ä¢ üìñ: pjo¬π', 'id': 1142073685681090560, 'id_str': '1142073685681090560', 'indices': [0, 16]}, {'screen_name': 'XboxGamePass', 'name': 'Xbox Game Pass', 'id': 956692683661107201, 'id_str': '956692683661107201', 'indices': [17, 30]}, {'screen_name': 'disneyplus', 'name': 'Disney+', 'id': 985916593065476096, 'id_str': '985916593065476096', 'indices': [31, 42]}], 'urls': []}"
10,1325867931843129347,False,,,0,"{'id': 1143624025442328578, 'id_str': '1143624025442328578', 'name': 'œÄetro ·µïÃà', 'screen_name': '_pietrogavioli', 'location': 'suffragette city', 'description': 'desligado         \n                                          \n                      \n@TPerseguini üîÜ', 'url': 'https://t.co/dghJJNrPWT', 'entities': {'url': {'urls': [{'url': 'https://t.co/dghJJNrPWT', 'expanded_url': 'http://Instagram.com/_pietrogavioli', 'display_url': 'Instagram.com/_pietrogavioli', 'indices': [0, 23]}]}, 'description': {'urls': []}}, 'protected': False, 'followers_count': 266, 'friends_count': 995, 'listed_count': 1, 'created_at': 'Tue Jun 25 20:56:29 +0000 2019', 'favourites_count': 9416, 'utc_offset': None, 'time_zone': None, 'geo_enabled': False, 'verified': False, 'statuses_count': 9527, 'lang': None, 'contributors_enabled': False, 'is_translator': False, 'is_translation_enabled': False, 'profile_background_color': 'F5F8FA', 'profile_background_image_url': None, 'profile_background_image_url_https': None, 'profile_background_tile': False, 'profile_image_url': 'http://pbs.twimg.com/profile_images/1298693508228882437/Rm9_iAqD_normal.jpg', 'profile_image_url_https': 'https://pbs.twimg.com/profile_images/1298693508228882437/Rm9_iAqD_normal.jpg', 'profile_banner_url': 'https://pbs.twimg.com/profile_banners/1143624025442328578/1602611749', 'profile_link_color': '1DA1F2', 'profile_sidebar_border_color': 'C0DEED', 'profile_sidebar_fill_color': 'DDEEF6', 'profile_text_color': '333333', 'profile_use_background_image': True, 'has_extended_profile': True, 'default_profile': True, 'default_profile_image': False, 'following': False, 'follow_request_sent': False, 'notifications': False, 'translator_type': 'none'}",0,Mon Nov 09 18:28:43 +0000 2020,,"{'iso_language_code': 'pt', 'result_type': 'recent'}",False,,1.3258496107372093e+18,XboxGamePass,"<a href=""https://mobile.twitter.com"" rel=""nofollow"">Twitter Web App</a>",,,False,,False,956692683661107201,pt,9.566926836611072e+17,@XboxGamePass @disneyplus @Gostovanni os cara nao para,1325867931843129347,1325849610737209344,"{'hashtags': [], 'symbols': [], 'user_mentions': [{'screen_name': 'XboxGamePass', 'name': 'Xbox Game Pass', 'id': 956692683661107201, 'id_str': '956692683661107201', 'indices': [0, 13]}, {'screen_name': 'disneyplus', 'name': 'Disney+', 'id': 985916593065476096, 'id_str': '985916593065476096', 'indices': [14, 25]}, {'screen_name': 'Gostovanni', 'name': '·é∂·é•·éß·èâ·èó·èÅ·èÅ·é•', 'id': 1097534305881022464, 'id_str': '1097534305881022464', 'indices': [26, 37]}], 'urls': []}"
11,1325867894438326273,False,,,0,"{'id': 51110292, 'id_str': '51110292', 'name': 'Claudir Wada', 'screen_name': 'cswada', 'location': '', 'description': '', 'url': None, 'entities': {'description': {'urls': []}}, 'protected': False, 'followers_count': 75, 'friends_count': 215, 'listed_count': 3, 'created_at': 'Fri Jun 26 15:56:21 +0000 2009', 'favourites_count': 881, 'utc_offset': None, 'time_zone': None, 'geo_enabled': False, 'verified': False, 'statuses_count': 2962, 'lang': None, 'contributors_enabled': False, 'is_translator': False, 'is_translation_enabled': False, 'profile_background_color': '131516', 'profile_background_image_url': 'http://abs.twimg.com/images/themes/theme1/bg.png', 'profile_background_image_url_https': 'https://abs.twimg.com/images/themes/theme1/bg.png', 'profile_background_tile': False, 'profile_image_url': 'http://pbs.twimg.com/profile_images/1290440705454661632/l023vOZE_normal.jpg', 'profile_image_url_https': 'https://pbs.twimg.com/profile_images/1290440705454661632/l023vOZE_normal.jpg', 'profile_banner_url': 'https://pbs.twimg.com/profile_banners/51110292/1600367722', 'profile_link_color': '009999', 'profile_sidebar_border_color': 'EEEEEE', 'profile_sidebar_fill_color': 'EFEFEF', 'profile_text_color': '333333', 'profile_use_background_image': True, 'has_extended_profile': False, 'default_profile': False, 'default_profile_image': False, 'following': False, 'follow_request_sent': False, 'notifications': False, 'translator_type': 'none'}",0,Mon Nov 09 18:28:34 +0000 2020,,"{'iso_language_code': 'pt', 'result_type': 'recent'}",False,,,,"<a href=""http://twitter.com/download/android"" rel=""nofollow"">Twitter for Android</a>",,,False,,False,,pt,,Disney+ contratada..... To pronto para o especial de BIA!!!!!  #DisneyPlus,1325867894438326273,,"{'hashtags': [{'text': 'DisneyPlus', 'indices': [63, 74]}], 'symbols': [], 'user_mentions': [], 'urls': []}"
12,1325867883709263872,False,,,1,"{'id': 932673831981993984, 'id_str': '932673831981993984', 'name': 'c…ërol', 'screen_name': 'carol_redfield', 'location': 'Gal√°xia de Andr√¥medaüåå', 'description': '', 'url': None, 'entities': {'description': {'urls': []}}, 'protected': False, 'followers_count': 726, 'friends_count': 1487, 'listed_count': 0, 'created_at': 'Mon Nov 20 18:15:44 +0000 2017', 'favourites_count': 12492, 'utc_offset': None, 'time_zone': None, 'geo_enabled': False, 'verified': False, 'statuses_count': 9249, 'lang': None, 'contributors_enabled': False, 'is_translator': False, 'is_translation_enabled': False, 'profile_background_color': '000000', 'profile_background_image_url': 'http://abs.twimg.com/images/themes/theme1/bg.png', 'profile_background_image_url_https': 'https://abs.twimg.com/images/themes/theme1/bg.png', 'profile_background_tile': False, 'profile_image_url': 'http://pbs.twimg.com/profile_images/1323793658353717248/TkTcC-Li_normal.jpg', 'profile_image_url_https': 'https://pbs.twimg.com/profile_images/1323793658353717248/TkTcC-Li_normal.jpg', 'profile_banner_url': 'https://pbs.twimg.com/profile_banners/932673831981993984/1604451977', 'profile_link_color': 'E81C4F', 'profile_sidebar_border_color': '000000', 'profile_sidebar_fill_color': '000000', 'profile_text_color': '000000', 'profile_use_background_image': False, 'has_extended_profile': True, 'default_profile': False, 'default_profile_image': False, 'following': False, 'follow_request_sent': False, 'notifications': False, 'translator_type': 'none'}",0,Mon Nov 09 18:28:31 +0000 2020,,"{'iso_language_code': 'pt', 'result_type': 'recent'}",False,,1.3258496107372093e+18,XboxGamePass,"<a href=""http://twitter.com/download/android"" rel=""nofollow"">Twitter for Android</a>",,,False,,False,956692683661107201,pt,9.566926836611072e+17,@XboxGamePass @disneyplus @DisneyPlusBR faz chegar para os brs,1325867883709263872,1325849610737209344,"{'hashtags': [], 'symbols': [], 'user_mentions': [{'screen_name': 'XboxGamePass', 'name': 'Xbox Game Pass', 'id': 956692683661107201, 'id_str': '956692683661107201', 'indices': [0, 13]}, {'screen_name': 'disneyplus', 'name': 'Disney+', 'id': 985916593065476096, 'id_str': '985916593065476096', 'indices': [14, 25]}, {'screen_name': 'DisneyPlusBR', 'name': 'Disney+ Brasil', 'id': 1011372006753746944, 'id_str': '1011372006753746944', 'indices': [26, 39]}], 'urls': []}"
13,1325867514715398145,False,,,0,"{'id': 923621735336960000, 'id_str': '923621735336960000', 'name': 'BusinessSpider8', 'screen_name': 'BusinessSpider8', 'location': 'na minha casa', 'description': '@vitor1_ADR nada n√£o.', 'url': None, 'entities': {'description': {'urls': []}}, 'protected': False, 'followers_count': 42, 'friends_count': 502, 'listed_count': 0, 'created_at': 'Thu Oct 26 18:45:56 +0000 2017', 'favourites_count': 4130, 'utc_offset': None, 'time_zone': None, 'geo_enabled': False, 'verified': False, 'statuses_count': 502, 'lang': None, 'contributors_enabled': False, 'is_translator': False, 'is_translation_enabled': False, 'profile_background_color': 'F5F8FA', 'profile_background_image_url': None, 'profile_background_image_url_https': None, 'profile_background_tile': False, 'profile_image_url': 'http://pbs.twimg.com/profile_images/1295295990560362497/MPGe5X4-_normal.jpg', 'profile_image_url_https': 'https://pbs.twimg.com/profile_images/1295295990560362497/MPGe5X4-_normal.jpg', 'profile_banner_url': 'https://pbs.twimg.com/profile_banners/923621735336960000/1596779882', 'profile_link_color': '1DA1F2', 'profile_sidebar_border_color': 'C0DEED', 'profile_sidebar_fill_color': 'DDEEF6', 'profile_text_color': '333333', 'profile_use_background_image': True, 'has_extended_profile': True, 'default_profile': True, 'default_profile_image': False, 'following': False, 'follow_request_sent': False, 'notifications': False, 'translator_type': 'none'}",0,Mon Nov 09 18:27:03 +0000 2020,,"{'iso_language_code': 'pt', 'result_type': 'recent'}",False,,1.3258496107372093e+18,XboxGamePass,"<a href=""http://twitter.com/download/android"" rel=""nofollow"">Twitter for Android</a>",,,False,,False,956692683661107201,pt,9.566926836611072e+17,@XboxGamePass @XboxP3 @disneyplus @Fernand48215251 Vai querer?,1325867514715398145,1325849610737209344,"{'hashtags': [], 'symbols': [], 'user_mentions': [{'screen_name': 'XboxGamePass', 'name': 'Xbox Game Pass', 'id': 956692683661107201, 'id_str': '956692683661107201', 'indices': [0, 13]}, {'screen_name': 'XboxP3', 'name': 'Phil Spencer', 'id': 532406707, 'id_str': '532406707', 'indices': [14, 21]}, {'screen_name': 'disneyplus', 'name': 'Disney+', 'id': 985916593065476096, 'id_str': '985916593065476096', 'indices': [22, 33]}, {'screen_name': 'Fernand48215251', 'name': 'Zueira20', 'id': 1057207876584964096, 'id_str': '1057207876584964096', 'indices': [34, 50]}], 'urls': []}"
14,1325867489092399104,False,,,0,"{'id': 77088085, 'id_str': '77088085', 'name': 'Caio Lins', 'screen_name': 'caiocr_lins', 'location': 'Rio de Janeiro, Brasil', 'description': 'üòé\nInstagram: caiocr.lins', 'url': None, 'entities': {'description': {'urls': []}}, 'protected': False, 'followers_count': 981, 'friends_count': 520, 'listed_count': 30, 'created_at': 'Fri Sep 25 00:35:37 +0000 2009', 'favourites_count': 44089, 'utc_offset': None, 'time_zone': None, 'geo_enabled': True, 'verified': False, 'statuses_count': 40478, 'lang': None, 'contributors_enabled': False, 'is_translator': False, 'is_translation_enabled': False, 'profile_background_color': '000000', 'profile_background_image_url': 'http://abs.twimg.com/images/themes/theme15/bg.png', 'profile_background_image_url_https': 'https://abs.twimg.com/images/themes/theme15/bg.png', 'profile_background_tile': False, 'profile_image_url': 'http://pbs.twimg.com/profile_images/1258479864799166469/d_k5Hvh4_normal.jpg', 'profile_image_url_https': 'https://pbs.twimg.com/profile_images/1258479864799166469/d_k5Hvh4_normal.jpg', 'profile_banner_url': 'https://pbs.twimg.com/profile_banners/77088085/1584117478', 'profile_link_color': '1B95E0', 'profile_sidebar_border_color': '000000', 'profile_sidebar_fill_color': '000000', 'profile_text_color': '000000', 'profile_use_background_image': False, 'has_extended_profile': True, 'default_profile': False, 'default_profile_image': False, 'following': False, 'follow_request_sent': False, 'notifications': False, 'translator_type': 'none'}",11,Mon Nov 09 18:26:57 +0000 2020,,"{'iso_language_code': 'pt', 'result_type': 'recent'}",False,,,,"<a href=""http://twitter.com/download/android"" rel=""nofollow"">Twitter for Android</a>",,"{'created_at': 'Mon Nov 09 16:34:26 +0000 2020', 'id': 1325839171643174912, 'id_str': '1325839171643174912', 'text': 'Para perseguir seus sonhos, eles ter√£o que elevar a barra. Conhe√ßa as hist√≥rias reais dos alunos da Escola de Bal√©‚Ä¶ https://t.co/BCCNjLJpXe', 'truncated': True, 'entities': {'hashtags': [], 'symbols': [], 'user_mentions': [], 'urls': [{'url': 'https://t.co/BCCNjLJpXe', 'expanded_url': 'https://twitter.com/i/web/status/1325839171643174912', 'display_url': 'twitter.com/i/web/status/1‚Ä¶', 'indices': [116, 139]}]}, 'metadata': {'iso_language_code': 'pt', 'result_type': 'recent'}, 'source': '<a href=""https://www.sprinklr.com"" rel=""nofollow"">Sprinklr</a>', 'in_reply_to_status_id': None, 'in_reply_to_status_id_str': None, 'in_reply_to_user_id': None, 'in_reply_to_user_id_str': None, 'in_reply_to_screen_name': None, 'user': {'id': 1011372006753746944, 'id_str': '1011372006753746944', 'name': 'Disney+ Brasil', 'screen_name': 'DisneyPlusBR', 'location': 'Brasil', 'description': 'Disney + Pixar + Marvel + Star Wars + National Geographic = #DisneyPlus ü§Ø \nAs melhores hist√≥rias do mundo em um s√≥ lugar. \nDispon√≠vel em 17 de novembro.', 'url': 'https://t.co/9Dhp7KWOgx', 'entities': {'url': {'urls': [{'url': 'https://t.co/9Dhp7KWOgx', 'expanded_url': 'http://dis.bb/6008H65u6', 'display_url': 'dis.bb/6008H65u6', 'indices': [0, 23]}]}, 'description': {'urls': []}}, 'protected': False, 'followers_count': 57209, 'friends_count': 14, 'listed_count': 59, 'created_at': 'Mon Jun 25 22:14:11 +0000 2018', 'favourites_count': 30, 'utc_offset': None, 'time_zone': None, 'geo_enabled': False, 'verified': True, 'statuses_count': 159, 'lang': None, 'contributors_enabled': False, 'is_translator': False, 'is_translation_enabled': False, 'profile_background_color': 'F5F8FA', 'profile_background_image_url': None, 'profile_background_image_url_https': None, 'profile_background_tile': False, 'profile_image_url': 'http://pbs.twimg.com/profile_images/1237824712165769226/EfdIWdzK_normal.jpg', 'profile_image_url_https': 'https://pbs.twimg.com/profile_images/1237824712165769226/EfdIWdzK_normal.jpg', 'profile_banner_url': 'https://pbs.twimg.com/profile_banners/1011372006753746944/1597783291', 'profile_link_color': '1DA1F2', 'profile_sidebar_border_color': 'C0DEED', 'profile_sidebar_fill_color': 'DDEEF6', 'profile_text_color': '333333', 'profile_use_background_image': True, 'has_extended_profile': False, 'default_profile': True, 'default_profile_image': False, 'following': False, 'follow_request_sent': False, 'notifications': False, 'translator_type': 'none'}, 'geo': None, 'coordinates': None, 'place': None, 'contributors': None, 'is_quote_status': False, 'retweet_count': 11, 'favorite_count': 325, 'favorited': False, 'retweeted': False, 'possibly_sensitive': False, 'lang': 'pt'}",False,,False,,pt,,"RT @DisneyPlusBR: Para perseguir seus sonhos, eles ter√£o que elevar a barra. Conhe√ßa as hist√≥rias reais dos alunos da Escola de Bal√© Americ‚Ä¶",1325867489092399104,,"{'hashtags': [], 'symbols': [], 'user_mentions': [{'screen_name': 'DisneyPlusBR', 'name': 'Disney+ Brasil', 'id': 1011372006753746944, 'id_str': '1011372006753746944', 'indices': [3, 16]}], 'urls': []}"
15,1325867233969639425,False,,,0,"{'id': 932673831981993984, 'id_str': '932673831981993984', 'name': 'c…ërol', 'screen_name': 'carol_redfield', 'location': 'Gal√°xia de Andr√¥medaüåå', 'description': '', 'url': None, 'entities': {'description': {'urls': []}}, 'protected': False, 'followers_count': 726, 'friends_count': 1487, 'listed_count': 0, 'created_at': 'Mon Nov 20 18:15:44 +0000 2017', 'favourites_count': 12492, 'utc_offset': None, 'time_zone': None, 'geo_enabled': False, 'verified': False, 'statuses_count': 9249, 'lang': None, 'contributors_enabled': False, 'is_translator': False, 'is_translation_enabled': False, 'profile_background_color': '000000', 'profile_background_image_url': 'http://abs.twimg.com/images/themes/theme1/bg.png', 'profile_background_image_url_https': 'https://abs.twimg.com/images/themes/theme1/bg.png', 'profile_background_tile': False, 'profile_image_url': 'http://pbs.twimg.com/profile_images/1323793658353717248/TkTcC-Li_normal.jpg', 'profile_image_url_https': 'https://pbs.twimg.com/profile_images/1323793658353717248/TkTcC-Li_normal.jpg', 'profile_banner_url': 'https://pbs.twimg.com/profile_banners/932673831981993984/1604451977', 'profile_link_color': 'E81C4F', 'profile_sidebar_border_color': '000000', 'profile_sidebar_fill_color': '000000', 'profile_text_color': '000000', 'profile_use_background_image': False, 'has_extended_profile': True, 'default_profile': False, 'default_profile_image': False, 'following': False, 'follow_request_sent': False, 'notifications': False, 'translator_type': 'none'}",0,Mon Nov 09 18:25:56 +0000 2020,,"{'iso_language_code': 'pt', 'result_type': 'recent'}",False,,1.3258496107372093e+18,XboxGamePass,"<a href=""http://twitter.com/download/android"" rel=""nofollow"">Twitter for Android</a>",,,False,,False,956692683661107201,pt,9.566926836611072e+17,"@XboxGamePass @disneyplus CAD√ä O BRASIL NA LISTA??? 
(e nenhum pa√≠s da Am√©rica do Sulü§î)",1325867233969639425,1325849610737209344,"{'hashtags': [], 'symbols': [], 'user_mentions': [{'screen_name': 'XboxGamePass', 'name': 'Xbox Game Pass', 'id': 956692683661107201, 'id_str': '956692683661107201', 'indices': [0, 13]}, {'screen_name': 'disneyplus', 'name': 'Disney+', 'id': 985916593065476096, 'id_str': '985916593065476096', 'indices': [14, 25]}], 'urls': []}"
16,1325865475117617153,True,,,0,"{'id': 779269051877040128, 'id_str': '779269051877040128', 'name': 'john martin', 'screen_name': 'spirits20091', 'location': '', 'description': '', 'url': None, 'entities': {'description': {'urls': []}}, 'protected': False, 'followers_count': 11, 'friends_count': 413, 'listed_count': 0, 'created_at': 'Fri Sep 23 10:39:55 +0000 2016', 'favourites_count': 225, 'utc_offset': None, 'time_zone': None, 'geo_enabled': False, 'verified': False, 'statuses_count': 1043, 'lang': None, 'contributors_enabled': False, 'is_translator': False, 'is_translation_enabled': False, 'profile_background_color': 'F5F8FA', 'profile_background_image_url': None, 'profile_background_image_url_https': None, 'profile_background_tile': False, 'profile_image_url': 'http://pbs.twimg.com/profile_images/1324429758797590530/btLPjSDs_normal.jpg', 'profile_image_url_https': 'https://pbs.twimg.com/profile_images/1324429758797590530/btLPjSDs_normal.jpg', 'profile_link_color': '1DA1F2', 'profile_sidebar_border_color': 'C0DEED', 'profile_sidebar_fill_color': 'DDEEF6', 'profile_text_color': '333333', 'profile_use_background_image': True, 'has_extended_profile': False, 'default_profile': True, 'default_profile_image': False, 'following': False, 'follow_request_sent': False, 'notifications': False, 'translator_type': 'none'}",0,Mon Nov 09 18:18:57 +0000 2020,,"{'iso_language_code': 'pt', 'result_type': 'recent'}",False,,1.3258509191420928e+18,xbox_pt,"<a href=""https://mobile.twitter.com"" rel=""nofollow"">Twitter Web App</a>",,,False,,False,1245266633356173312,pt,1.2452666333561733e+18,@xbox_pt @disneyplus continuo a aguardar explica√ß√µes por parte da xbox mas se quiserem eu posso publicar aqui na vo‚Ä¶ https://t.co/bLRWP432RL,1325865475117617153,1325850919142092801,"{'hashtags': [], 'symbols': [], 'user_mentions': [{'screen_name': 'xbox_pt', 'name': 'Xbox Portugal', 'id': 1245266633356173312, 'id_str': '1245266633356173312', 'indices': [0, 8]}, {'screen_name': 'disneyplus', 'name': 'Disney+', 'id': 985916593065476096, 'id_str': '985916593065476096', 'indices': [9, 20]}], 'urls': [{'url': 'https://t.co/bLRWP432RL', 'expanded_url': 'https://twitter.com/i/web/status/1325865475117617153', 'display_url': 'twitter.com/i/web/status/1‚Ä¶', 'indices': [117, 140]}]}"
17,1325864675335151617,False,,,0,"{'id': 743161800972242944, 'id_str': '743161800972242944', 'name': 'Tinista ‚ù§Ô∏è‚ù§Ô∏è', 'screen_name': 'Tinistaforeveer', 'location': '', 'description': 'Tini‚ù§Ô∏è LA CONOC√ç EN 8/10/2017 LA ABRAC√â EN 18/03/2018', 'url': None, 'entities': {'description': {'urls': []}}, 'protected': False, 'followers_count': 596, 'friends_count': 427, 'listed_count': 0, 'created_at': 'Wed Jun 15 19:22:35 +0000 2016', 'favourites_count': 21781, 'utc_offset': None, 'time_zone': None, 'geo_enabled': False, 'verified': False, 'statuses_count': 19990, 'lang': None, 'contributors_enabled': False, 'is_translator': False, 'is_translation_enabled': False, 'profile_background_color': 'F5F8FA', 'profile_background_image_url': None, 'profile_background_image_url_https': None, 'profile_background_tile': False, 'profile_image_url': 'http://pbs.twimg.com/profile_images/1265737483066773505/L1k5L1xs_normal.jpg', 'profile_image_url_https': 'https://pbs.twimg.com/profile_images/1265737483066773505/L1k5L1xs_normal.jpg', 'profile_banner_url': 'https://pbs.twimg.com/profile_banners/743161800972242944/1584368969', 'profile_link_color': '1DA1F2', 'profile_sidebar_border_color': 'C0DEED', 'profile_sidebar_fill_color': 'DDEEF6', 'profile_text_color': '333333', 'profile_use_background_image': True, 'has_extended_profile': False, 'default_profile': True, 'default_profile_image': False, 'following': False, 'follow_request_sent': False, 'notifications': False, 'translator_type': 'none'}",1,Mon Nov 09 18:15:46 +0000 2020,,"{'iso_language_code': 'pt', 'result_type': 'recent'}",False,,,,"<a href=""http://twitter.com/download/iphone"" rel=""nofollow"">Twitter for iPhone</a>",,"{'created_at': 'Mon Nov 09 18:15:35 +0000 2020', 'id': 1325864628082053125, 'id_str': '1325864628082053125', 'text': 'üì£ Confirmado: A s√©rie do Disney+ onde a Tini vai participar chama-se ‚ÄúSiempre fui yo‚Äù \n \n#tinistoessel #disneyplus‚Ä¶ https://t.co/oXVuHtFvO8', 'truncated': True, 'entities': {'hashtags': [{'text': 'tinistoessel', 'indices': [89, 102]}, {'text': 'disneyplus', 'indices': [103, 114]}], 'symbols': [], 'user_mentions': [], 'urls': [{'url': 'https://t.co/oXVuHtFvO8', 'expanded_url': 'https://twitter.com/i/web/status/1325864628082053125', 'display_url': 'twitter.com/i/web/status/1‚Ä¶', 'indices': [116, 139]}]}, 'metadata': {'iso_language_code': 'pt', 'result_type': 'recent'}, 'source': '<a href=""http://twitter.com/download/iphone"" rel=""nofollow"">Twitter for iPhone</a>', 'in_reply_to_status_id': None, 'in_reply_to_status_id_str': None, 'in_reply_to_user_id': None, 'in_reply_to_user_id_str': None, 'in_reply_to_screen_name': None, 'user': {'id': 1207739813518028801, 'id_str': '1207739813518028801', 'name': 'FCO TINI PORTUGAL üáµüáπ', 'screen_name': 'fcotinispt', 'location': '', 'description': 'Bem-vind@ ao Clube de F√£s da cantora TINI em Portugal! IG: fcotiniportugal | MERCH do FCO TINI PORTUGAL: https://t.co/Y7l1YAv95d', 'url': 'https://t.co/LIVoCONXNS', 'entities': {'url': {'urls': [{'url': 'https://t.co/LIVoCONXNS', 'expanded_url': 'https://tinistaspt1997.wixsite.com/fcotinipt', 'display_url': 'tinistaspt1997.wixsite.com/fcotinipt', 'indices': [0, 23]}]}, 'description': {'urls': [{'url': 'https://t.co/Y7l1YAv95d', 'expanded_url': 'http://www.redbubble.com/people/fcotiniptmerch', 'display_url': 'redbubble.com/people/fcotini‚Ä¶', 'indices': [105, 128]}]}}, 'protected': False, 'followers_count': 179, 'friends_count': 159, 'listed_count': 1, 'created_at': 'Thu Dec 19 19:10:10 +0000 2019', 'favourites_count': 21, 'utc_offset': None, 'time_zone': None, 'geo_enabled': False, 'verified': False, 'statuses_count': 568, 'lang': None, 'contributors_enabled': False, 'is_translator': False, 'is_translation_enabled': False, 'profile_background_color': 'F5F8FA', 'profile_background_image_url': None, 'profile_background_image_url_https': None, 'profile_background_tile': False, 'profile_image_url': 'http://pbs.twimg.com/profile_images/1225934771349532673/lUvPETy3_normal.jpg', 'profile_image_url_https': 'https://pbs.twimg.com/profile_images/1225934771349532673/lUvPETy3_normal.jpg', 'profile_banner_url': 'https://pbs.twimg.com/profile_banners/1207739813518028801/1604011508', 'profile_link_color': '1DA1F2', 'profile_sidebar_border_color': 'C0DEED', 'profile_sidebar_fill_color': 'DDEEF6', 'profile_text_color': '333333', 'profile_use_background_image': True, 'has_extended_profile': False, 'default_profile': True, 'default_profile_image': False, 'following': False, 'follow_request_sent': False, 'notifications': False, 'translator_type': 'none'}, 'geo': None, 'coordinates': None, 'place': None, 'contributors': None, 'is_quote_status': False, 'retweet_count': 1, 'favorite_count': 4, 'favorited': False, 'retweeted': False, 'possibly_sensitive': False, 'lang': 'pt'}",False,,False,,pt,,"RT @fcotinispt: üì£ Confirmado: A s√©rie do Disney+ onde a Tini vai participar chama-se ‚ÄúSiempre fui yo‚Äù 
 
#tinistoessel #disneyplus #siempre‚Ä¶",1325864675335151617,,"{'hashtags': [{'text': 'tinistoessel', 'indices': [105, 118]}, {'text': 'disneyplus', 'indices': [119, 130]}], 'symbols': [], 'user_mentions': [{'screen_name': 'fcotinispt', 'name': 'FCO TINI PORTUGAL üáµüáπ', 'id': 1207739813518028801, 'id_str': '1207739813518028801', 'indices': [3, 14]}], 'urls': []}"
18,1325864664874541061,False,,,0,"{'id': 111151203, 'id_str': '111151203', 'name': 'Ray Guedes', 'screen_name': 'rgrayguedes', 'location': '', 'description': '#GERMINIANO | M√çDIAS SOCIAIS | Os Lemos Produtora üòâ  https://t.co/c6VyejEeLa', 'url': 'https://t.co/8FFMz2AOM4', 'entities': {'url': {'urls': [{'url': 'https://t.co/8FFMz2AOM4', 'expanded_url': 'https://curiouscat.me/rgrayguedes', 'display_url': 'curiouscat.me/rgrayguedes', 'indices': [0, 23]}]}, 'description': {'urls': [{'url': 'https://t.co/c6VyejEeLa', 'expanded_url': 'http://instagram.com/rgrayguedes/', 'display_url': 'instagram.com/rgrayguedes/', 'indices': [53, 76]}]}}, 'protected': False, 'followers_count': 2242, 'friends_count': 2111, 'listed_count': 12, 'created_at': 'Wed Feb 03 23:48:57 +0000 2010', 'favourites_count': 94520, 'utc_offset': None, 'time_zone': None, 'geo_enabled': True, 'verified': False, 'statuses_count': 126338, 'lang': None, 'contributors_enabled': False, 'is_translator': False, 'is_translation_enabled': False, 'profile_background_color': 'C0DEED', 'profile_background_image_url': 'http://abs.twimg.com/images/themes/theme1/bg.png', 'profile_background_image_url_https': 'https://abs.twimg.com/images/themes/theme1/bg.png', 'profile_background_tile': True, 'profile_image_url': 'http://pbs.twimg.com/profile_images/910352449713709060/Ruo-tKCu_normal.jpg', 'profile_image_url_https': 'https://pbs.twimg.com/profile_images/910352449713709060/Ruo-tKCu_normal.jpg', 'profile_banner_url': 'https://pbs.twimg.com/profile_banners/111151203/1500318743', 'profile_link_color': '0084B4', 'profile_sidebar_border_color': 'FFFFFF', 'profile_sidebar_fill_color': 'F6F6F6', 'profile_text_color': '333333', 'profile_use_background_image': True, 'has_extended_profile': True, 'default_profile': False, 'default_profile_image': False, 'following': False, 'follow_request_sent': False, 'notifications': False, 'translator_type': 'regular'}",2,Mon Nov 09 18:15:44 +0000 2020,,"{'iso_language_code': 'pt', 'result_type': 'recent'}",False,,,,"<a href=""http://twitter.com/download/android"" rel=""nofollow"">Twitter for Android</a>",,"{'created_at': 'Mon Nov 09 03:00:00 +0000 2020', 'id': 1325634213488549888, 'id_str': '1325634213488549888', 'text': 'O #DisneyPlus est√° chegando! Oferta de pr√©-venda por tempo limitado. Garanta j√°.', 'truncated': False, 'entities': {'hashtags': [{'text': 'DisneyPlus', 'indices': [2, 13]}], 'symbols': [], 'user_mentions': [], 'urls': []}, 'metadata': {'iso_language_code': 'pt', 'result_type': 'recent'}, 'source': '<a href=""https://ads-api.twitter.com"" rel=""nofollow"">Twitter for Advertisers (legacy)</a>', 'in_reply_to_status_id': None, 'in_reply_to_status_id_str': None, 'in_reply_to_user_id': None, 'in_reply_to_user_id_str': None, 'in_reply_to_screen_name': None, 'user': {'id': 1011372006753746944, 'id_str': '1011372006753746944', 'name': 'Disney+ Brasil', 'screen_name': 'DisneyPlusBR', 'location': 'Brasil', 'description': 'Disney + Pixar + Marvel + Star Wars + National Geographic = #DisneyPlus ü§Ø \nAs melhores hist√≥rias do mundo em um s√≥ lugar. \nDispon√≠vel em 17 de novembro.', 'url': 'https://t.co/9Dhp7KWOgx', 'entities': {'url': {'urls': [{'url': 'https://t.co/9Dhp7KWOgx', 'expanded_url': 'http://dis.bb/6008H65u6', 'display_url': 'dis.bb/6008H65u6', 'indices': [0, 23]}]}, 'description': {'urls': []}}, 'protected': False, 'followers_count': 57209, 'friends_count': 14, 'listed_count': 59, 'created_at': 'Mon Jun 25 22:14:11 +0000 2018', 'favourites_count': 30, 'utc_offset': None, 'time_zone': None, 'geo_enabled': False, 'verified': True, 'statuses_count': 159, 'lang': None, 'contributors_enabled': False, 'is_translator': False, 'is_translation_enabled': False, 'profile_background_color': 'F5F8FA', 'profile_background_image_url': None, 'profile_background_image_url_https': None, 'profile_background_tile': False, 'profile_image_url': 'http://pbs.twimg.com/profile_images/1237824712165769226/EfdIWdzK_normal.jpg', 'profile_image_url_https': 'https://pbs.twimg.com/profile_images/1237824712165769226/EfdIWdzK_normal.jpg', 'profile_banner_url': 'https://pbs.twimg.com/profile_banners/1011372006753746944/1597783291', 'profile_link_color': '1DA1F2', 'profile_sidebar_border_color': 'C0DEED', 'profile_sidebar_fill_color': 'DDEEF6', 'profile_text_color': '333333', 'profile_use_background_image': True, 'has_extended_profile': False, 'default_profile': True, 'default_profile_image': False, 'following': False, 'follow_request_sent': False, 'notifications': False, 'translator_type': 'none'}, 'geo': None, 'coordinates': None, 'place': None, 'contributors': None, 'is_quote_status': False, 'retweet_count': 2, 'favorite_count': 103, 'favorited': False, 'retweeted': False, 'scopes': {'followers': False}, 'lang': 'pt'}",False,,False,,pt,,RT @DisneyPlusBR: O #DisneyPlus est√° chegando! Oferta de pr√©-venda por tempo limitado. Garanta j√°.,1325864664874541061,,"{'hashtags': [{'text': 'DisneyPlus', 'indices': [20, 31]}], 'symbols': [], 'user_mentions': [{'screen_name': 'DisneyPlusBR', 'name': 'Disney+ Brasil', 'id': 1011372006753746944, 'id_str': '1011372006753746944', 'indices': [3, 16]}], 'urls': []}"
19,1325864628082053125,True,False,,4,"{'id': 1207739813518028801, 'id_str': '1207739813518028801', 'name': 'FCO TINI PORTUGAL üáµüáπ', 'screen_name': 'fcotinispt', 'location': '', 'description': 'Bem-vind@ ao Clube de F√£s da cantora TINI em Portugal! IG: fcotiniportugal | MERCH do FCO TINI PORTUGAL: https://t.co/Y7l1YAv95d', 'url': 'https://t.co/LIVoCONXNS', 'entities': {'url': {'urls': [{'url': 'https://t.co/LIVoCONXNS', 'expanded_url': 'https://tinistaspt1997.wixsite.com/fcotinipt', 'display_url': 'tinistaspt1997.wixsite.com/fcotinipt', 'indices': [0, 23]}]}, 'description': {'urls': [{'url': 'https://t.co/Y7l1YAv95d', 'expanded_url': 'http://www.redbubble.com/people/fcotiniptmerch', 'display_url': 'redbubble.com/people/fcotini‚Ä¶', 'indices': [105, 128]}]}}, 'protected': False, 'followers_count': 179, 'friends_count': 159, 'listed_count': 1, 'created_at': 'Thu Dec 19 19:10:10 +0000 2019', 'favourites_count': 21, 'utc_offset': None, 'time_zone': None, 'geo_enabled': False, 'verified': False, 'statuses_count': 568, 'lang': None, 'contributors_enabled': False, 'is_translator': False, 'is_translation_enabled': False, 'profile_background_color': 'F5F8FA', 'profile_background_image_url': None, 'profile_background_image_url_https': None, 'profile_background_tile': False, 'profile_image_url': 'http://pbs.twimg.com/profile_images/1225934771349532673/lUvPETy3_normal.jpg', 'profile_image_url_https': 'https://pbs.twimg.com/profile_images/1225934771349532673/lUvPETy3_normal.jpg', 'profile_banner_url': 'https://pbs.twimg.com/profile_banners/1207739813518028801/1604011508', 'profile_link_color': '1DA1F2', 'profile_sidebar_border_color': 'C0DEED', 'profile_sidebar_fill_color': 'DDEEF6', 'profile_text_color': '333333', 'profile_use_background_image': True, 'has_extended_profile': False, 'default_profile': True, 'default_profile_image': False, 'following': False, 'follow_request_sent': False, 'notifications': False, 'translator_type': 'none'}",1,Mon Nov 09 18:15:35 +0000 2020,,"{'iso_language_code': 'pt', 'result_type': 'recent'}",False,,,,"<a href=""http://twitter.com/download/iphone"" rel=""nofollow"">Twitter for iPhone</a>",,,False,,False,,pt,,"üì£ Confirmado: A s√©rie do Disney+ onde a Tini vai participar chama-se ‚ÄúSiempre fui yo‚Äù 
 
#tinistoessel #disneyplus‚Ä¶ https://t.co/oXVuHtFvO8",1325864628082053125,,"{'hashtags': [{'text': 'tinistoessel', 'indices': [89, 102]}, {'text': 'disneyplus', 'indices': [103, 114]}], 'symbols': [], 'user_mentions': [], 'urls': [{'url': 'https://t.co/oXVuHtFvO8', 'expanded_url': 'https://twitter.com/i/web/status/1325864628082053125', 'display_url': 'twitter.com/i/web/status/1‚Ä¶', 'indices': [116, 139]}]}"
